"~id","~start_node_id","~end_node_id","~relationship_type"
"5:f4b58906-e3ae-4787-871e-1af324202838:1152921504606847012","4:f4b58906-e3ae-4787-871e-1af324202838:36","4:f4b58906-e3ae-4787-871e-1af324202838:2","DEPENDE"
"5:f4b58906-e3ae-4787-871e-1af324202838:1152921504606847017","4:f4b58906-e3ae-4787-871e-1af324202838:41","4:f4b58906-e3ae-4787-871e-1af324202838:2","DEPENDE"
"5:f4b58906-e3ae-4787-871e-1af324202838:1155173304420532273","4:f4b58906-e3ae-4787-871e-1af324202838:49","4:f4b58906-e3ae-4787-871e-1af324202838:2","DEPENDE"
"5:f4b58906-e3ae-4787-871e-1af324202838:1152921504606847030","4:f4b58906-e3ae-4787-871e-1af324202838:54","4:f4b58906-e3ae-4787-871e-1af324202838:2","DEPENDE"
"5:f4b58906-e3ae-4787-871e-1af324202838:1152921504606847041","4:f4b58906-e3ae-4787-871e-1af324202838:65","4:f4b58906-e3ae-4787-871e-1af324202838:2","DEPENDE"
"5:f4b58906-e3ae-4787-871e-1af324202838:1155173304420532310","4:f4b58906-e3ae-4787-871e-1af324202838:86","4:f4b58906-e3ae-4787-871e-1af324202838:2","DEPENDE"
"5:f4b58906-e3ae-4787-871e-1af324202838:1152921504606847098","4:f4b58906-e3ae-4787-871e-1af324202838:122","4:f4b58906-e3ae-4787-871e-1af324202838:2","DEPENDE"
"5:f4b58906-e3ae-4787-871e-1af324202838:1152921504606847105","4:f4b58906-e3ae-4787-871e-1af324202838:129","4:f4b58906-e3ae-4787-871e-1af324202838:2","DEPENDE"
"5:f4b58906-e3ae-4787-871e-1af324202838:1152921504606847141","4:f4b58906-e3ae-4787-871e-1af324202838:165","4:f4b58906-e3ae-4787-871e-1af324202838:2","DEPENDE"
"5:f4b58906-e3ae-4787-871e-1af324202838:1152921504606847046","4:f4b58906-e3ae-4787-871e-1af324202838:70","4:f4b58906-e3ae-4787-871e-1af324202838:3","DEPENDE"
"5:f4b58906-e3ae-4787-871e-1af324202838:1152921504606847092","4:f4b58906-e3ae-4787-871e-1af324202838:116","4:f4b58906-e3ae-4787-871e-1af324202838:3","DEPENDE"
"5:f4b58906-e3ae-4787-871e-1af324202838:1152921504606847000","4:f4b58906-e3ae-4787-871e-1af324202838:24","4:f4b58906-e3ae-4787-871e-1af324202838:6","DEPENDE"
"5:f4b58906-e3ae-4787-871e-1af324202838:1152921504606847001","4:f4b58906-e3ae-4787-871e-1af324202838:25","4:f4b58906-e3ae-4787-871e-1af324202838:6","DEPENDE"
"5:f4b58906-e3ae-4787-871e-1af324202838:1152921504606847024","4:f4b58906-e3ae-4787-871e-1af324202838:48","4:f4b58906-e3ae-4787-871e-1af324202838:6","DEPENDE"
"5:f4b58906-e3ae-4787-871e-1af324202838:1155173304420532294","4:f4b58906-e3ae-4787-871e-1af324202838:70","4:f4b58906-e3ae-4787-871e-1af324202838:6","DEPENDE"
"5:f4b58906-e3ae-4787-871e-1af324202838:1152921504606847080","4:f4b58906-e3ae-4787-871e-1af324202838:104","4:f4b58906-e3ae-4787-871e-1af324202838:6","DEPENDE"
"5:f4b58906-e3ae-4787-871e-1af324202838:1155173304420532340","4:f4b58906-e3ae-4787-871e-1af324202838:116","4:f4b58906-e3ae-4787-871e-1af324202838:6","DEPENDE"
"5:f4b58906-e3ae-4787-871e-1af324202838:1155173304420532426","4:f4b58906-e3ae-4787-871e-1af324202838:202","4:f4b58906-e3ae-4787-871e-1af324202838:6","DEPENDE"
"5:f4b58906-e3ae-4787-871e-1af324202838:1152921504606846997","4:f4b58906-e3ae-4787-871e-1af324202838:21","4:f4b58906-e3ae-4787-871e-1af324202838:12","DEPENDE"
"5:f4b58906-e3ae-4787-871e-1af324202838:1152921504606847020","4:f4b58906-e3ae-4787-871e-1af324202838:44","4:f4b58906-e3ae-4787-871e-1af324202838:12","DEPENDE"
"5:f4b58906-e3ae-4787-871e-1af324202838:1155173304420532289","4:f4b58906-e3ae-4787-871e-1af324202838:65","4:f4b58906-e3ae-4787-871e-1af324202838:12","DEPENDE"
"5:f4b58906-e3ae-4787-871e-1af324202838:1159676904047902790","4:f4b58906-e3ae-4787-871e-1af324202838:70","4:f4b58906-e3ae-4787-871e-1af324202838:12","DEPENDE"
"5:f4b58906-e3ae-4787-871e-1af324202838:1152921504606847055","4:f4b58906-e3ae-4787-871e-1af324202838:79","4:f4b58906-e3ae-4787-871e-1af324202838:12","DEPENDE"
"5:f4b58906-e3ae-4787-871e-1af324202838:1155173304420532306","4:f4b58906-e3ae-4787-871e-1af324202838:82","4:f4b58906-e3ae-4787-871e-1af324202838:12","DEPENDE"
"5:f4b58906-e3ae-4787-871e-1af324202838:1159676904047902836","4:f4b58906-e3ae-4787-871e-1af324202838:116","4:f4b58906-e3ae-4787-871e-1af324202838:12","DEPENDE"
"5:f4b58906-e3ae-4787-871e-1af324202838:1152921504606847102","4:f4b58906-e3ae-4787-871e-1af324202838:126","4:f4b58906-e3ae-4787-871e-1af324202838:12","DEPENDE"
"5:f4b58906-e3ae-4787-871e-1af324202838:1155173304420532376","4:f4b58906-e3ae-4787-871e-1af324202838:152","4:f4b58906-e3ae-4787-871e-1af324202838:12","DEPENDE"
"5:f4b58906-e3ae-4787-871e-1af324202838:1155173304420532381","4:f4b58906-e3ae-4787-871e-1af324202838:157","4:f4b58906-e3ae-4787-871e-1af324202838:12","DEPENDE"
"5:f4b58906-e3ae-4787-871e-1af324202838:1155173304420532387","4:f4b58906-e3ae-4787-871e-1af324202838:163","4:f4b58906-e3ae-4787-871e-1af324202838:12","DEPENDE"
"5:f4b58906-e3ae-4787-871e-1af324202838:1159676904047902893","4:f4b58906-e3ae-4787-871e-1af324202838:173","4:f4b58906-e3ae-4787-871e-1af324202838:12","DEPENDE"
"5:f4b58906-e3ae-4787-871e-1af324202838:1155173304420532398","4:f4b58906-e3ae-4787-871e-1af324202838:174","4:f4b58906-e3ae-4787-871e-1af324202838:12","DEPENDE"
"5:f4b58906-e3ae-4787-871e-1af324202838:1155173304420532413","4:f4b58906-e3ae-4787-871e-1af324202838:189","4:f4b58906-e3ae-4787-871e-1af324202838:12","DEPENDE"
"5:f4b58906-e3ae-4787-871e-1af324202838:1155173304420532436","4:f4b58906-e3ae-4787-871e-1af324202838:212","4:f4b58906-e3ae-4787-871e-1af324202838:12","DEPENDE"
"5:f4b58906-e3ae-4787-871e-1af324202838:1155173304420532484","4:f4b58906-e3ae-4787-871e-1af324202838:260","4:f4b58906-e3ae-4787-871e-1af324202838:12","DEPENDE"
"5:f4b58906-e3ae-4787-871e-1af324202838:1152921504606847270","4:f4b58906-e3ae-4787-871e-1af324202838:294","4:f4b58906-e3ae-4787-871e-1af324202838:12","DEPENDE"
"5:f4b58906-e3ae-4787-871e-1af324202838:1152921504606847280","4:f4b58906-e3ae-4787-871e-1af324202838:304","4:f4b58906-e3ae-4787-871e-1af324202838:12","DEPENDE"
"5:f4b58906-e3ae-4787-871e-1af324202838:1152921504606847299","4:f4b58906-e3ae-4787-871e-1af324202838:323","4:f4b58906-e3ae-4787-871e-1af324202838:12","DEPENDE"
"5:f4b58906-e3ae-4787-871e-1af324202838:1159676904047903056","4:f4b58906-e3ae-4787-871e-1af324202838:336","4:f4b58906-e3ae-4787-871e-1af324202838:12","DEPENDE"
"5:f4b58906-e3ae-4787-871e-1af324202838:1159676904047903057","4:f4b58906-e3ae-4787-871e-1af324202838:337","4:f4b58906-e3ae-4787-871e-1af324202838:12","DEPENDE"
"5:f4b58906-e3ae-4787-871e-1af324202838:1155173304420532570","4:f4b58906-e3ae-4787-871e-1af324202838:346","4:f4b58906-e3ae-4787-871e-1af324202838:12","DEPENDE"
"5:f4b58906-e3ae-4787-871e-1af324202838:1152921504606847015","4:f4b58906-e3ae-4787-871e-1af324202838:39","4:f4b58906-e3ae-4787-871e-1af324202838:16","DEPENDE"
"5:f4b58906-e3ae-4787-871e-1af324202838:1152921504606847038","4:f4b58906-e3ae-4787-871e-1af324202838:62","4:f4b58906-e3ae-4787-871e-1af324202838:16","DEPENDE"
"5:f4b58906-e3ae-4787-871e-1af324202838:1157425104234217542","4:f4b58906-e3ae-4787-871e-1af324202838:70","4:f4b58906-e3ae-4787-871e-1af324202838:16","DEPENDE"
"5:f4b58906-e3ae-4787-871e-1af324202838:1155173304420532295","4:f4b58906-e3ae-4787-871e-1af324202838:71","4:f4b58906-e3ae-4787-871e-1af324202838:16","DEPENDE"
"5:f4b58906-e3ae-4787-871e-1af324202838:1152921504606847048","4:f4b58906-e3ae-4787-871e-1af324202838:72","4:f4b58906-e3ae-4787-871e-1af324202838:16","DEPENDE"
"5:f4b58906-e3ae-4787-871e-1af324202838:1152921504606847064","4:f4b58906-e3ae-4787-871e-1af324202838:88","4:f4b58906-e3ae-4787-871e-1af324202838:16","DEPENDE"
"5:f4b58906-e3ae-4787-871e-1af324202838:1157425104234217588","4:f4b58906-e3ae-4787-871e-1af324202838:116","4:f4b58906-e3ae-4787-871e-1af324202838:16","DEPENDE"
"5:f4b58906-e3ae-4787-871e-1af324202838:1157425104234217593","4:f4b58906-e3ae-4787-871e-1af324202838:121","4:f4b58906-e3ae-4787-871e-1af324202838:16","DEPENDE"
"5:f4b58906-e3ae-4787-871e-1af324202838:1155173304420532346","4:f4b58906-e3ae-4787-871e-1af324202838:122","4:f4b58906-e3ae-4787-871e-1af324202838:16","DEPENDE"
"5:f4b58906-e3ae-4787-871e-1af324202838:1152921504606847108","4:f4b58906-e3ae-4787-871e-1af324202838:132","4:f4b58906-e3ae-4787-871e-1af324202838:16","DEPENDE"
"5:f4b58906-e3ae-4787-871e-1af324202838:1152921504606847146","4:f4b58906-e3ae-4787-871e-1af324202838:170","4:f4b58906-e3ae-4787-871e-1af324202838:16","DEPENDE"
"5:f4b58906-e3ae-4787-871e-1af324202838:1157425104234217674","4:f4b58906-e3ae-4787-871e-1af324202838:202","4:f4b58906-e3ae-4787-871e-1af324202838:16","DEPENDE"
"5:f4b58906-e3ae-4787-871e-1af324202838:1152921504606847335","4:f4b58906-e3ae-4787-871e-1af324202838:359","4:f4b58906-e3ae-4787-871e-1af324202838:16","DEPENDE"
"5:f4b58906-e3ae-4787-871e-1af324202838:6919780827454767359","4:f4b58906-e3ae-4787-871e-1af324202838:18","4:f4b58906-e3ae-4787-871e-1af324202838:255","DEPENDE"
"5:f4b58906-e3ae-4787-871e-1af324202838:1152921504606847019","4:f4b58906-e3ae-4787-871e-1af324202838:43","4:f4b58906-e3ae-4787-871e-1af324202838:21","DEPENDE"
"5:f4b58906-e3ae-4787-871e-1af324202838:1152921504606847049","4:f4b58906-e3ae-4787-871e-1af324202838:73","4:f4b58906-e3ae-4787-871e-1af324202838:21","DEPENDE"
"5:f4b58906-e3ae-4787-871e-1af324202838:1152921504606847050","4:f4b58906-e3ae-4787-871e-1af324202838:74","4:f4b58906-e3ae-4787-871e-1af324202838:21","DEPENDE"
"5:f4b58906-e3ae-4787-871e-1af324202838:1152921504606847094","4:f4b58906-e3ae-4787-871e-1af324202838:118","4:f4b58906-e3ae-4787-871e-1af324202838:21","DEPENDE"
"5:f4b58906-e3ae-4787-871e-1af324202838:1152921504606847112","4:f4b58906-e3ae-4787-871e-1af324202838:136","4:f4b58906-e3ae-4787-871e-1af324202838:21","DEPENDE"
"5:f4b58906-e3ae-4787-871e-1af324202838:1152921504606847113","4:f4b58906-e3ae-4787-871e-1af324202838:137","4:f4b58906-e3ae-4787-871e-1af324202838:21","DEPENDE"
"5:f4b58906-e3ae-4787-871e-1af324202838:1152921504606847126","4:f4b58906-e3ae-4787-871e-1af324202838:150","4:f4b58906-e3ae-4787-871e-1af324202838:21","DEPENDE"
"5:f4b58906-e3ae-4787-871e-1af324202838:1152921504606847151","4:f4b58906-e3ae-4787-871e-1af324202838:175","4:f4b58906-e3ae-4787-871e-1af324202838:21","DEPENDE"
"5:f4b58906-e3ae-4787-871e-1af324202838:1152921504606847155","4:f4b58906-e3ae-4787-871e-1af324202838:179","4:f4b58906-e3ae-4787-871e-1af324202838:21","DEPENDE"
"5:f4b58906-e3ae-4787-871e-1af324202838:1152921504606847157","4:f4b58906-e3ae-4787-871e-1af324202838:181","4:f4b58906-e3ae-4787-871e-1af324202838:21","DEPENDE"
"5:f4b58906-e3ae-4787-871e-1af324202838:1152921504606847160","4:f4b58906-e3ae-4787-871e-1af324202838:184","4:f4b58906-e3ae-4787-871e-1af324202838:21","DEPENDE"
"5:f4b58906-e3ae-4787-871e-1af324202838:1152921504606847164","4:f4b58906-e3ae-4787-871e-1af324202838:188","4:f4b58906-e3ae-4787-871e-1af324202838:21","DEPENDE"
"5:f4b58906-e3ae-4787-871e-1af324202838:1152921504606847169","4:f4b58906-e3ae-4787-871e-1af324202838:193","4:f4b58906-e3ae-4787-871e-1af324202838:21","DEPENDE"
"5:f4b58906-e3ae-4787-871e-1af324202838:1152921504606847196","4:f4b58906-e3ae-4787-871e-1af324202838:220","4:f4b58906-e3ae-4787-871e-1af324202838:21","DEPENDE"
"5:f4b58906-e3ae-4787-871e-1af324202838:1152921504606847197","4:f4b58906-e3ae-4787-871e-1af324202838:221","4:f4b58906-e3ae-4787-871e-1af324202838:21","DEPENDE"
"5:f4b58906-e3ae-4787-871e-1af324202838:1152921504606847247","4:f4b58906-e3ae-4787-871e-1af324202838:271","4:f4b58906-e3ae-4787-871e-1af324202838:21","DEPENDE"
"5:f4b58906-e3ae-4787-871e-1af324202838:1152921504606847249","4:f4b58906-e3ae-4787-871e-1af324202838:273","4:f4b58906-e3ae-4787-871e-1af324202838:21","DEPENDE"
"5:f4b58906-e3ae-4787-871e-1af324202838:1152921504606847283","4:f4b58906-e3ae-4787-871e-1af324202838:307","4:f4b58906-e3ae-4787-871e-1af324202838:21","DEPENDE"
"5:f4b58906-e3ae-4787-871e-1af324202838:1152921504606847289","4:f4b58906-e3ae-4787-871e-1af324202838:313","4:f4b58906-e3ae-4787-871e-1af324202838:21","DEPENDE"
"5:f4b58906-e3ae-4787-871e-1af324202838:1152921504606847308","4:f4b58906-e3ae-4787-871e-1af324202838:332","4:f4b58906-e3ae-4787-871e-1af324202838:21","DEPENDE"
"5:f4b58906-e3ae-4787-871e-1af324202838:1152921504606847310","4:f4b58906-e3ae-4787-871e-1af324202838:334","4:f4b58906-e3ae-4787-871e-1af324202838:21","DEPENDE"
"5:f4b58906-e3ae-4787-871e-1af324202838:1152921504606847338","4:f4b58906-e3ae-4787-871e-1af324202838:362","4:f4b58906-e3ae-4787-871e-1af324202838:21","DEPENDE"
"5:f4b58906-e3ae-4787-871e-1af324202838:1152921504606847339","4:f4b58906-e3ae-4787-871e-1af324202838:363","4:f4b58906-e3ae-4787-871e-1af324202838:21","DEPENDE"
"5:f4b58906-e3ae-4787-871e-1af324202838:1152921504606847347","4:f4b58906-e3ae-4787-871e-1af324202838:371","4:f4b58906-e3ae-4787-871e-1af324202838:21","DEPENDE"
"5:f4b58906-e3ae-4787-871e-1af324202838:1152921504606847348","4:f4b58906-e3ae-4787-871e-1af324202838:372","4:f4b58906-e3ae-4787-871e-1af324202838:21","DEPENDE"
"5:f4b58906-e3ae-4787-871e-1af324202838:1152921504606847354","4:f4b58906-e3ae-4787-871e-1af324202838:378","4:f4b58906-e3ae-4787-871e-1af324202838:21","DEPENDE"
"5:f4b58906-e3ae-4787-871e-1af324202838:1152921504606847331","4:f4b58906-e3ae-4787-871e-1af324202838:355","4:f4b58906-e3ae-4787-871e-1af324202838:22","DEPENDE"
"5:f4b58906-e3ae-4787-871e-1af324202838:6919780827454767128","4:f4b58906-e3ae-4787-871e-1af324202838:47","4:f4b58906-e3ae-4787-871e-1af324202838:24","DEPENDE"
"5:f4b58906-e3ae-4787-871e-1af324202838:1155173304420532327","4:f4b58906-e3ae-4787-871e-1af324202838:103","4:f4b58906-e3ae-4787-871e-1af324202838:36","DEPENDE"
"5:f4b58906-e3ae-4787-871e-1af324202838:1152921504606847035","4:f4b58906-e3ae-4787-871e-1af324202838:59","4:f4b58906-e3ae-4787-871e-1af324202838:41","DEPENDE"
"5:f4b58906-e3ae-4787-871e-1af324202838:1152921504606847063","4:f4b58906-e3ae-4787-871e-1af324202838:87","4:f4b58906-e3ae-4787-871e-1af324202838:41","DEPENDE"
"5:f4b58906-e3ae-4787-871e-1af324202838:1152921504606847078","4:f4b58906-e3ae-4787-871e-1af324202838:102","4:f4b58906-e3ae-4787-871e-1af324202838:41","DEPENDE"
"5:f4b58906-e3ae-4787-871e-1af324202838:1152921504606847082","4:f4b58906-e3ae-4787-871e-1af324202838:106","4:f4b58906-e3ae-4787-871e-1af324202838:41","DEPENDE"
"5:f4b58906-e3ae-4787-871e-1af324202838:1152921504606847087","4:f4b58906-e3ae-4787-871e-1af324202838:111","4:f4b58906-e3ae-4787-871e-1af324202838:41","DEPENDE"
"5:f4b58906-e3ae-4787-871e-1af324202838:1152921504606847088","4:f4b58906-e3ae-4787-871e-1af324202838:112","4:f4b58906-e3ae-4787-871e-1af324202838:41","DEPENDE"
"5:f4b58906-e3ae-4787-871e-1af324202838:1152921504606847089","4:f4b58906-e3ae-4787-871e-1af324202838:113","4:f4b58906-e3ae-4787-871e-1af324202838:41","DEPENDE"
"5:f4b58906-e3ae-4787-871e-1af324202838:1152921504606847104","4:f4b58906-e3ae-4787-871e-1af324202838:128","4:f4b58906-e3ae-4787-871e-1af324202838:41","DEPENDE"
"5:f4b58906-e3ae-4787-871e-1af324202838:1152921504606847119","4:f4b58906-e3ae-4787-871e-1af324202838:143","4:f4b58906-e3ae-4787-871e-1af324202838:41","DEPENDE"
"5:f4b58906-e3ae-4787-871e-1af324202838:1152921504606847122","4:f4b58906-e3ae-4787-871e-1af324202838:146","4:f4b58906-e3ae-4787-871e-1af324202838:41","DEPENDE"
"5:f4b58906-e3ae-4787-871e-1af324202838:1155173304420532397","4:f4b58906-e3ae-4787-871e-1af324202838:173","4:f4b58906-e3ae-4787-871e-1af324202838:41","DEPENDE"
"5:f4b58906-e3ae-4787-871e-1af324202838:1155173304420532404","4:f4b58906-e3ae-4787-871e-1af324202838:180","4:f4b58906-e3ae-4787-871e-1af324202838:41","DEPENDE"
"5:f4b58906-e3ae-4787-871e-1af324202838:1155173304420532463","4:f4b58906-e3ae-4787-871e-1af324202838:239","4:f4b58906-e3ae-4787-871e-1af324202838:41","DEPENDE"
"5:f4b58906-e3ae-4787-871e-1af324202838:1157425104234217774","4:f4b58906-e3ae-4787-871e-1af324202838:302","4:f4b58906-e3ae-4787-871e-1af324202838:41","DEPENDE"
"5:f4b58906-e3ae-4787-871e-1af324202838:1155173304420532537","4:f4b58906-e3ae-4787-871e-1af324202838:313","4:f4b58906-e3ae-4787-871e-1af324202838:41","DEPENDE"
"5:f4b58906-e3ae-4787-871e-1af324202838:1155173304420532560","4:f4b58906-e3ae-4787-871e-1af324202838:336","4:f4b58906-e3ae-4787-871e-1af324202838:41","DEPENDE"
"5:f4b58906-e3ae-4787-871e-1af324202838:1155173304420532561","4:f4b58906-e3ae-4787-871e-1af324202838:337","4:f4b58906-e3ae-4787-871e-1af324202838:41","DEPENDE"
"5:f4b58906-e3ae-4787-871e-1af324202838:1155173304420532593","4:f4b58906-e3ae-4787-871e-1af324202838:369","4:f4b58906-e3ae-4787-871e-1af324202838:41","DEPENDE"
"5:f4b58906-e3ae-4787-871e-1af324202838:1152921504606847025","4:f4b58906-e3ae-4787-871e-1af324202838:49","4:f4b58906-e3ae-4787-871e-1af324202838:29","DEPENDE"
"5:f4b58906-e3ae-4787-871e-1af324202838:1155173304420532311","4:f4b58906-e3ae-4787-871e-1af324202838:87","4:f4b58906-e3ae-4787-871e-1af324202838:49","DEPENDE"
"5:f4b58906-e3ae-4787-871e-1af324202838:1155173304420532318","4:f4b58906-e3ae-4787-871e-1af324202838:94","4:f4b58906-e3ae-4787-871e-1af324202838:49","DEPENDE"
"5:f4b58906-e3ae-4787-871e-1af324202838:1155173304420532326","4:f4b58906-e3ae-4787-871e-1af324202838:102","4:f4b58906-e3ae-4787-871e-1af324202838:49","DEPENDE"
"5:f4b58906-e3ae-4787-871e-1af324202838:1155173304420532329","4:f4b58906-e3ae-4787-871e-1af324202838:105","4:f4b58906-e3ae-4787-871e-1af324202838:49","DEPENDE"
"5:f4b58906-e3ae-4787-871e-1af324202838:1155173304420532335","4:f4b58906-e3ae-4787-871e-1af324202838:111","4:f4b58906-e3ae-4787-871e-1af324202838:49","DEPENDE"
"5:f4b58906-e3ae-4787-871e-1af324202838:6924284427082137649","4:f4b58906-e3ae-4787-871e-1af324202838:114","4:f4b58906-e3ae-4787-871e-1af324202838:49","DEPENDE"
"5:f4b58906-e3ae-4787-871e-1af324202838:1155173304420532341","4:f4b58906-e3ae-4787-871e-1af324202838:117","4:f4b58906-e3ae-4787-871e-1af324202838:49","DEPENDE"
"5:f4b58906-e3ae-4787-871e-1af324202838:1155173304420532367","4:f4b58906-e3ae-4787-871e-1af324202838:143","4:f4b58906-e3ae-4787-871e-1af324202838:49","DEPENDE"
"5:f4b58906-e3ae-4787-871e-1af324202838:1155173304420532368","4:f4b58906-e3ae-4787-871e-1af324202838:144","4:f4b58906-e3ae-4787-871e-1af324202838:49","DEPENDE"
"5:f4b58906-e3ae-4787-871e-1af324202838:1155173304420532388","4:f4b58906-e3ae-4787-871e-1af324202838:164","4:f4b58906-e3ae-4787-871e-1af324202838:49","DEPENDE"
"5:f4b58906-e3ae-4787-871e-1af324202838:1157425104234217645","4:f4b58906-e3ae-4787-871e-1af324202838:173","4:f4b58906-e3ae-4787-871e-1af324202838:49","DEPENDE"
"5:f4b58906-e3ae-4787-871e-1af324202838:6922032627268452401","4:f4b58906-e3ae-4787-871e-1af324202838:185","4:f4b58906-e3ae-4787-871e-1af324202838:49","DEPENDE"
"5:f4b58906-e3ae-4787-871e-1af324202838:6926536226895822897","4:f4b58906-e3ae-4787-871e-1af324202838:266","4:f4b58906-e3ae-4787-871e-1af324202838:49","DEPENDE"
"5:f4b58906-e3ae-4787-871e-1af324202838:1157425104234217808","4:f4b58906-e3ae-4787-871e-1af324202838:336","4:f4b58906-e3ae-4787-871e-1af324202838:49","DEPENDE"
"5:f4b58906-e3ae-4787-871e-1af324202838:1157425104234217809","4:f4b58906-e3ae-4787-871e-1af324202838:337","4:f4b58906-e3ae-4787-871e-1af324202838:49","DEPENDE"
"5:f4b58906-e3ae-4787-871e-1af324202838:1152921504606847062","4:f4b58906-e3ae-4787-871e-1af324202838:86","4:f4b58906-e3ae-4787-871e-1af324202838:29","DEPENDE"
"5:f4b58906-e3ae-4787-871e-1af324202838:1155173304420532351","4:f4b58906-e3ae-4787-871e-1af324202838:127","4:f4b58906-e3ae-4787-871e-1af324202838:86","DEPENDE"
"5:f4b58906-e3ae-4787-871e-1af324202838:1152921504606847127","4:f4b58906-e3ae-4787-871e-1af324202838:151","4:f4b58906-e3ae-4787-871e-1af324202838:86","DEPENDE"
"5:f4b58906-e3ae-4787-871e-1af324202838:1152921504606847140","4:f4b58906-e3ae-4787-871e-1af324202838:164","4:f4b58906-e3ae-4787-871e-1af324202838:86","DEPENDE"
"5:f4b58906-e3ae-4787-871e-1af324202838:1155173304420532526","4:f4b58906-e3ae-4787-871e-1af324202838:302","4:f4b58906-e3ae-4787-871e-1af324202838:86","DEPENDE"
"5:f4b58906-e3ae-4787-871e-1af324202838:1152921504606847161","4:f4b58906-e3ae-4787-871e-1af324202838:185","4:f4b58906-e3ae-4787-871e-1af324202838:129","DEPENDE"
"5:f4b58906-e3ae-4787-871e-1af324202838:6919780827454767233","4:f4b58906-e3ae-4787-871e-1af324202838:187","4:f4b58906-e3ae-4787-871e-1af324202838:129","DEPENDE"
"5:f4b58906-e3ae-4787-871e-1af324202838:6922032627268452481","4:f4b58906-e3ae-4787-871e-1af324202838:262","4:f4b58906-e3ae-4787-871e-1af324202838:129","DEPENDE"
"5:f4b58906-e3ae-4787-871e-1af324202838:6924284427082137729","4:f4b58906-e3ae-4787-871e-1af324202838:269","4:f4b58906-e3ae-4787-871e-1af324202838:129","DEPENDE"
"5:f4b58906-e3ae-4787-871e-1af324202838:1152921504606847070","4:f4b58906-e3ae-4787-871e-1af324202838:94","4:f4b58906-e3ae-4787-871e-1af324202838:165","DEPENDE"
"5:f4b58906-e3ae-4787-871e-1af324202838:1152921504606847081","4:f4b58906-e3ae-4787-871e-1af324202838:105","4:f4b58906-e3ae-4787-871e-1af324202838:165","DEPENDE"
"5:f4b58906-e3ae-4787-871e-1af324202838:1152921504606847091","4:f4b58906-e3ae-4787-871e-1af324202838:115","4:f4b58906-e3ae-4787-871e-1af324202838:165","DEPENDE"
"5:f4b58906-e3ae-4787-871e-1af324202838:1152921504606847093","4:f4b58906-e3ae-4787-871e-1af324202838:117","4:f4b58906-e3ae-4787-871e-1af324202838:165","DEPENDE"
"5:f4b58906-e3ae-4787-871e-1af324202838:1152921504606847150","4:f4b58906-e3ae-4787-871e-1af324202838:174","4:f4b58906-e3ae-4787-871e-1af324202838:165","DEPENDE"
"5:f4b58906-e3ae-4787-871e-1af324202838:1152921504606847165","4:f4b58906-e3ae-4787-871e-1af324202838:189","4:f4b58906-e3ae-4787-871e-1af324202838:165","DEPENDE"
"5:f4b58906-e3ae-4787-871e-1af324202838:1152921504606847231","4:f4b58906-e3ae-4787-871e-1af324202838:255","4:f4b58906-e3ae-4787-871e-1af324202838:165","DEPENDE"
"5:f4b58906-e3ae-4787-871e-1af324202838:1152921504606847254","4:f4b58906-e3ae-4787-871e-1af324202838:278","4:f4b58906-e3ae-4787-871e-1af324202838:165","DEPENDE"
"5:f4b58906-e3ae-4787-871e-1af324202838:1152921504606847277","4:f4b58906-e3ae-4787-871e-1af324202838:301","4:f4b58906-e3ae-4787-871e-1af324202838:165","DEPENDE"
"5:f4b58906-e3ae-4787-871e-1af324202838:1152921504606847279","4:f4b58906-e3ae-4787-871e-1af324202838:303","4:f4b58906-e3ae-4787-871e-1af324202838:165","DEPENDE"
"5:f4b58906-e3ae-4787-871e-1af324202838:1152921504606847337","4:f4b58906-e3ae-4787-871e-1af324202838:361","4:f4b58906-e3ae-4787-871e-1af324202838:165","DEPENDE"
"5:f4b58906-e3ae-4787-871e-1af324202838:1155173304420532287","4:f4b58906-e3ae-4787-871e-1af324202838:63","4:f4b58906-e3ae-4787-871e-1af324202838:24","DEPENDE"
"5:f4b58906-e3ae-4787-871e-1af324202838:6922032627268452376","4:f4b58906-e3ae-4787-871e-1af324202838:205","4:f4b58906-e3ae-4787-871e-1af324202838:24","DEPENDE"
"5:f4b58906-e3ae-4787-871e-1af324202838:1152921504606847184","4:f4b58906-e3ae-4787-871e-1af324202838:208","4:f4b58906-e3ae-4787-871e-1af324202838:24","DEPENDE"
"5:f4b58906-e3ae-4787-871e-1af324202838:1152921504606847039","4:f4b58906-e3ae-4787-871e-1af324202838:63","4:f4b58906-e3ae-4787-871e-1af324202838:25","DEPENDE"
"5:f4b58906-e3ae-4787-871e-1af324202838:6919780827454767129","4:f4b58906-e3ae-4787-871e-1af324202838:85","4:f4b58906-e3ae-4787-871e-1af324202838:25","DEPENDE"
"5:f4b58906-e3ae-4787-871e-1af324202838:6922032627268452377","4:f4b58906-e3ae-4787-871e-1af324202838:133","4:f4b58906-e3ae-4787-871e-1af324202838:25","DEPENDE"
"5:f4b58906-e3ae-4787-871e-1af324202838:6924284427082137625","4:f4b58906-e3ae-4787-871e-1af324202838:198","4:f4b58906-e3ae-4787-871e-1af324202838:25","DEPENDE"
"5:f4b58906-e3ae-4787-871e-1af324202838:1155173304420532472","4:f4b58906-e3ae-4787-871e-1af324202838:248","4:f4b58906-e3ae-4787-871e-1af324202838:25","DEPENDE"
"5:f4b58906-e3ae-4787-871e-1af324202838:6919780827454767152","4:f4b58906-e3ae-4787-871e-1af324202838:107","4:f4b58906-e3ae-4787-871e-1af324202838:48","DEPENDE"
"5:f4b58906-e3ae-4787-871e-1af324202838:1152921504606847128","4:f4b58906-e3ae-4787-871e-1af324202838:152","4:f4b58906-e3ae-4787-871e-1af324202838:48","DEPENDE"
"5:f4b58906-e3ae-4787-871e-1af324202838:6922032627268452400","4:f4b58906-e3ae-4787-871e-1af324202838:199","4:f4b58906-e3ae-4787-871e-1af324202838:48","DEPENDE"
"5:f4b58906-e3ae-4787-871e-1af324202838:1152921504606847213","4:f4b58906-e3ae-4787-871e-1af324202838:237","4:f4b58906-e3ae-4787-871e-1af324202838:48","DEPENDE"
"5:f4b58906-e3ae-4787-871e-1af324202838:6924284427082137648","4:f4b58906-e3ae-4787-871e-1af324202838:254","4:f4b58906-e3ae-4787-871e-1af324202838:48","DEPENDE"
"5:f4b58906-e3ae-4787-871e-1af324202838:6926536226895822896","4:f4b58906-e3ae-4787-871e-1af324202838:263","4:f4b58906-e3ae-4787-871e-1af324202838:48","DEPENDE"
"5:f4b58906-e3ae-4787-871e-1af324202838:1152921504606847178","4:f4b58906-e3ae-4787-871e-1af324202838:202","4:f4b58906-e3ae-4787-871e-1af324202838:99","DEPENDE"
"5:f4b58906-e3ae-4787-871e-1af324202838:1152921504606847288","4:f4b58906-e3ae-4787-871e-1af324202838:312","4:f4b58906-e3ae-4787-871e-1af324202838:202","DEPENDE"
"5:f4b58906-e3ae-4787-871e-1af324202838:1155173304420532330","4:f4b58906-e3ae-4787-871e-1af324202838:106","4:f4b58906-e3ae-4787-871e-1af324202838:44","DEPENDE"
"5:f4b58906-e3ae-4787-871e-1af324202838:1155173304420532476","4:f4b58906-e3ae-4787-871e-1af324202838:252","4:f4b58906-e3ae-4787-871e-1af324202838:44","DEPENDE"
"5:f4b58906-e3ae-4787-871e-1af324202838:1155173304420532542","4:f4b58906-e3ae-4787-871e-1af324202838:318","4:f4b58906-e3ae-4787-871e-1af324202838:44","DEPENDE"
"5:f4b58906-e3ae-4787-871e-1af324202838:1152921504606847058","4:f4b58906-e3ae-4787-871e-1af324202838:82","4:f4b58906-e3ae-4787-871e-1af324202838:51","DEPENDE"
"5:f4b58906-e3ae-4787-871e-1af324202838:1152921504606847132","4:f4b58906-e3ae-4787-871e-1af324202838:156","4:f4b58906-e3ae-4787-871e-1af324202838:82","DEPENDE"
"5:f4b58906-e3ae-4787-871e-1af324202838:6922032627268452434","4:f4b58906-e3ae-4787-871e-1af324202838:323","4:f4b58906-e3ae-4787-871e-1af324202838:82","DEPENDE"
"5:f4b58906-e3ae-4787-871e-1af324202838:6922032627268452504","4:f4b58906-e3ae-4787-871e-1af324202838:197","4:f4b58906-e3ae-4787-871e-1af324202838:152","DEPENDE"
"5:f4b58906-e3ae-4787-871e-1af324202838:1152921504606847305","4:f4b58906-e3ae-4787-871e-1af324202838:329","4:f4b58906-e3ae-4787-871e-1af324202838:152","DEPENDE"
"5:f4b58906-e3ae-4787-871e-1af324202838:1152921504606847133","4:f4b58906-e3ae-4787-871e-1af324202838:157","4:f4b58906-e3ae-4787-871e-1af324202838:35","DEPENDE"
"5:f4b58906-e3ae-4787-871e-1af324202838:6922032627268452509","4:f4b58906-e3ae-4787-871e-1af324202838:213","4:f4b58906-e3ae-4787-871e-1af324202838:157","DEPENDE"
"5:f4b58906-e3ae-4787-871e-1af324202838:1152921504606847139","4:f4b58906-e3ae-4787-871e-1af324202838:163","4:f4b58906-e3ae-4787-871e-1af324202838:29","DEPENDE"
"5:f4b58906-e3ae-4787-871e-1af324202838:6922032627268452515","4:f4b58906-e3ae-4787-871e-1af324202838:244","4:f4b58906-e3ae-4787-871e-1af324202838:163","DEPENDE"
"5:f4b58906-e3ae-4787-871e-1af324202838:1155173304420532527","4:f4b58906-e3ae-4787-871e-1af324202838:303","4:f4b58906-e3ae-4787-871e-1af324202838:163","DEPENDE"
"5:f4b58906-e3ae-4787-871e-1af324202838:6924284427082137763","4:f4b58906-e3ae-4787-871e-1af324202838:309","4:f4b58906-e3ae-4787-871e-1af324202838:163","DEPENDE"
"5:f4b58906-e3ae-4787-871e-1af324202838:1152921504606847149","4:f4b58906-e3ae-4787-871e-1af324202838:173","4:f4b58906-e3ae-4787-871e-1af324202838:29","DEPENDE"
"5:f4b58906-e3ae-4787-871e-1af324202838:1152921504606847188","4:f4b58906-e3ae-4787-871e-1af324202838:212","4:f4b58906-e3ae-4787-871e-1af324202838:128","DEPENDE"
"5:f4b58906-e3ae-4787-871e-1af324202838:1152921504606847236","4:f4b58906-e3ae-4787-871e-1af324202838:260","4:f4b58906-e3ae-4787-871e-1af324202838:51","DEPENDE"
"5:f4b58906-e3ae-4787-871e-1af324202838:1152921504606847312","4:f4b58906-e3ae-4787-871e-1af324202838:336","4:f4b58906-e3ae-4787-871e-1af324202838:29","DEPENDE"
"5:f4b58906-e3ae-4787-871e-1af324202838:1152921504606847313","4:f4b58906-e3ae-4787-871e-1af324202838:337","4:f4b58906-e3ae-4787-871e-1af324202838:29","DEPENDE"
"5:f4b58906-e3ae-4787-871e-1af324202838:1152921504606847322","4:f4b58906-e3ae-4787-871e-1af324202838:346","4:f4b58906-e3ae-4787-871e-1af324202838:51","DEPENDE"
"5:f4b58906-e3ae-4787-871e-1af324202838:1152921504606847168","4:f4b58906-e3ae-4787-871e-1af324202838:192","4:f4b58906-e3ae-4787-871e-1af324202838:346","DEPENDE"
"5:f4b58906-e3ae-4787-871e-1af324202838:1155173304420532536","4:f4b58906-e3ae-4787-871e-1af324202838:312","4:f4b58906-e3ae-4787-871e-1af324202838:346","DEPENDE"
"5:f4b58906-e3ae-4787-871e-1af324202838:1152921504606847047","4:f4b58906-e3ae-4787-871e-1af324202838:71","4:f4b58906-e3ae-4787-871e-1af324202838:39","DEPENDE"
"5:f4b58906-e3ae-4787-871e-1af324202838:1155173304420532345","4:f4b58906-e3ae-4787-871e-1af324202838:121","4:f4b58906-e3ae-4787-871e-1af324202838:39","DEPENDE"
"5:f4b58906-e3ae-4787-871e-1af324202838:1152921504606847097","4:f4b58906-e3ae-4787-871e-1af324202838:121","4:f4b58906-e3ae-4787-871e-1af324202838:72","DEPENDE"
"5:f4b58906-e3ae-4787-871e-1af324202838:1152921504606847224","4:f4b58906-e3ae-4787-871e-1af324202838:248","4:f4b58906-e3ae-4787-871e-1af324202838:72","DEPENDE"
"5:f4b58906-e3ae-4787-871e-1af324202838:1152921504606847318","4:f4b58906-e3ae-4787-871e-1af324202838:342","4:f4b58906-e3ae-4787-871e-1af324202838:72","DEPENDE"
"5:f4b58906-e3ae-4787-871e-1af324202838:1152921504606847110","4:f4b58906-e3ae-4787-871e-1af324202838:134","4:f4b58906-e3ae-4787-871e-1af324202838:88","DEPENDE"
"5:f4b58906-e3ae-4787-871e-1af324202838:1152921504606847135","4:f4b58906-e3ae-4787-871e-1af324202838:159","4:f4b58906-e3ae-4787-871e-1af324202838:88","DEPENDE"
"5:f4b58906-e3ae-4787-871e-1af324202838:1152921504606847136","4:f4b58906-e3ae-4787-871e-1af324202838:160","4:f4b58906-e3ae-4787-871e-1af324202838:88","DEPENDE"
"5:f4b58906-e3ae-4787-871e-1af324202838:1152921504606847137","4:f4b58906-e3ae-4787-871e-1af324202838:161","4:f4b58906-e3ae-4787-871e-1af324202838:88","DEPENDE"
"5:f4b58906-e3ae-4787-871e-1af324202838:1152921504606847147","4:f4b58906-e3ae-4787-871e-1af324202838:171","4:f4b58906-e3ae-4787-871e-1af324202838:88","DEPENDE"
"5:f4b58906-e3ae-4787-871e-1af324202838:1152921504606847266","4:f4b58906-e3ae-4787-871e-1af324202838:290","4:f4b58906-e3ae-4787-871e-1af324202838:88","DEPENDE"
"5:f4b58906-e3ae-4787-871e-1af324202838:1152921504606847267","4:f4b58906-e3ae-4787-871e-1af324202838:291","4:f4b58906-e3ae-4787-871e-1af324202838:88","DEPENDE"
"5:f4b58906-e3ae-4787-871e-1af324202838:1152921504606847275","4:f4b58906-e3ae-4787-871e-1af324202838:299","4:f4b58906-e3ae-4787-871e-1af324202838:88","DEPENDE"
"5:f4b58906-e3ae-4787-871e-1af324202838:1152921504606847316","4:f4b58906-e3ae-4787-871e-1af324202838:340","4:f4b58906-e3ae-4787-871e-1af324202838:88","DEPENDE"
"5:f4b58906-e3ae-4787-871e-1af324202838:1155173304420532521","4:f4b58906-e3ae-4787-871e-1af324202838:297","4:f4b58906-e3ae-4787-871e-1af324202838:359","DEPENDE"
"5:f4b58906-e3ae-4787-871e-1af324202838:1155173304420532410","4:f4b58906-e3ae-4787-871e-1af324202838:186","4:f4b58906-e3ae-4787-871e-1af324202838:255","DEPENDE"
"5:f4b58906-e3ae-4787-871e-1af324202838:1155173304420532343","4:f4b58906-e3ae-4787-871e-1af324202838:119","4:f4b58906-e3ae-4787-871e-1af324202838:43","DEPENDE"
"5:f4b58906-e3ae-4787-871e-1af324202838:1155173304420532298","4:f4b58906-e3ae-4787-871e-1af324202838:74","4:f4b58906-e3ae-4787-871e-1af324202838:28","DEPENDE"
"5:f4b58906-e3ae-4787-871e-1af324202838:1152921504606847145","4:f4b58906-e3ae-4787-871e-1af324202838:169","4:f4b58906-e3ae-4787-871e-1af324202838:118","DEPENDE"
"5:f4b58906-e3ae-4787-871e-1af324202838:1152921504606847211","4:f4b58906-e3ae-4787-871e-1af324202838:235","4:f4b58906-e3ae-4787-871e-1af324202838:118","DEPENDE"
"5:f4b58906-e3ae-4787-871e-1af324202838:1152921504606847234","4:f4b58906-e3ae-4787-871e-1af324202838:258","4:f4b58906-e3ae-4787-871e-1af324202838:118","DEPENDE"
"5:f4b58906-e3ae-4787-871e-1af324202838:1152921504606847235","4:f4b58906-e3ae-4787-871e-1af324202838:259","4:f4b58906-e3ae-4787-871e-1af324202838:118","DEPENDE"
"5:f4b58906-e3ae-4787-871e-1af324202838:1152921504606847261","4:f4b58906-e3ae-4787-871e-1af324202838:285","4:f4b58906-e3ae-4787-871e-1af324202838:118","DEPENDE"
"5:f4b58906-e3ae-4787-871e-1af324202838:1152921504606847286","4:f4b58906-e3ae-4787-871e-1af324202838:310","4:f4b58906-e3ae-4787-871e-1af324202838:118","DEPENDE"
"5:f4b58906-e3ae-4787-871e-1af324202838:1152921504606847260","4:f4b58906-e3ae-4787-871e-1af324202838:284","4:f4b58906-e3ae-4787-871e-1af324202838:175","DEPENDE"
"5:f4b58906-e3ae-4787-871e-1af324202838:1152921504606847298","4:f4b58906-e3ae-4787-871e-1af324202838:322","4:f4b58906-e3ae-4787-871e-1af324202838:175","DEPENDE"
"5:f4b58906-e3ae-4787-871e-1af324202838:1152921504606847309","4:f4b58906-e3ae-4787-871e-1af324202838:333","4:f4b58906-e3ae-4787-871e-1af324202838:175","DEPENDE"
"5:f4b58906-e3ae-4787-871e-1af324202838:1152921504606847314","4:f4b58906-e3ae-4787-871e-1af324202838:338","4:f4b58906-e3ae-4787-871e-1af324202838:175","DEPENDE"
"5:f4b58906-e3ae-4787-871e-1af324202838:1152921504606847315","4:f4b58906-e3ae-4787-871e-1af324202838:339","4:f4b58906-e3ae-4787-871e-1af324202838:175","DEPENDE"
"5:f4b58906-e3ae-4787-871e-1af324202838:1152921504606847321","4:f4b58906-e3ae-4787-871e-1af324202838:345","4:f4b58906-e3ae-4787-871e-1af324202838:175","DEPENDE"
"5:f4b58906-e3ae-4787-871e-1af324202838:1152921504606847166","4:f4b58906-e3ae-4787-871e-1af324202838:190","4:f4b58906-e3ae-4787-871e-1af324202838:193","DEPENDE"
"5:f4b58906-e3ae-4787-871e-1af324202838:1155173304420532549","4:f4b58906-e3ae-4787-871e-1af324202838:325","4:f4b58906-e3ae-4787-871e-1af324202838:193","DEPENDE"
"5:f4b58906-e3ae-4787-871e-1af324202838:1155173304420532579","4:f4b58906-e3ae-4787-871e-1af324202838:355","4:f4b58906-e3ae-4787-871e-1af324202838:58","DEPENDE"
"5:f4b58906-e3ae-4787-871e-1af324202838:1152921504606847282","4:f4b58906-e3ae-4787-871e-1af324202838:306","4:f4b58906-e3ae-4787-871e-1af324202838:205","DEPENDE"
"5:f4b58906-e3ae-4787-871e-1af324202838:1155173304420532432","4:f4b58906-e3ae-4787-871e-1af324202838:208","4:f4b58906-e3ae-4787-871e-1af324202838:210","DEPENDE"
"5:f4b58906-e3ae-4787-871e-1af324202838:1152921504606847250","4:f4b58906-e3ae-4787-871e-1af324202838:274","4:f4b58906-e3ae-4787-871e-1af324202838:133","DEPENDE"
"5:f4b58906-e3ae-4787-871e-1af324202838:1155173304420532553","4:f4b58906-e3ae-4787-871e-1af324202838:329","4:f4b58906-e3ae-4787-871e-1af324202838:133","DEPENDE"
"5:f4b58906-e3ae-4787-871e-1af324202838:1152921504606847281","4:f4b58906-e3ae-4787-871e-1af324202838:305","4:f4b58906-e3ae-4787-871e-1af324202838:198","DEPENDE"
"5:f4b58906-e3ae-4787-871e-1af324202838:1152921504606847032","4:f4b58906-e3ae-4787-871e-1af324202838:56","4:f4b58906-e3ae-4787-871e-1af324202838:28","DEPENDE"
"5:f4b58906-e3ae-4787-871e-1af324202838:1155173304420532322","4:f4b58906-e3ae-4787-871e-1af324202838:98","4:f4b58906-e3ae-4787-871e-1af324202838:56","DEPENDE"
"5:f4b58906-e3ae-4787-871e-1af324202838:1152921504606847033","4:f4b58906-e3ae-4787-871e-1af324202838:57","4:f4b58906-e3ae-4787-871e-1af324202838:28","DEPENDE"
"5:f4b58906-e3ae-4787-871e-1af324202838:1152921504606847079","4:f4b58906-e3ae-4787-871e-1af324202838:103","4:f4b58906-e3ae-4787-871e-1af324202838:57","DEPENDE"
"5:f4b58906-e3ae-4787-871e-1af324202838:1155173304420532283","4:f4b58906-e3ae-4787-871e-1af324202838:59","4:f4b58906-e3ae-4787-871e-1af324202838:28","DEPENDE"
"5:f4b58906-e3ae-4787-871e-1af324202838:1155173304420532334","4:f4b58906-e3ae-4787-871e-1af324202838:110","4:f4b58906-e3ae-4787-871e-1af324202838:28","DEPENDE"
"5:f4b58906-e3ae-4787-871e-1af324202838:1152921504606847086","4:f4b58906-e3ae-4787-871e-1af324202838:110","4:f4b58906-e3ae-4787-871e-1af324202838:29","DEPENDE"
"5:f4b58906-e3ae-4787-871e-1af324202838:1155173304420532370","4:f4b58906-e3ae-4787-871e-1af324202838:146","4:f4b58906-e3ae-4787-871e-1af324202838:110","DEPENDE"
"5:f4b58906-e3ae-4787-871e-1af324202838:6922032627268452462","4:f4b58906-e3ae-4787-871e-1af324202838:172","4:f4b58906-e3ae-4787-871e-1af324202838:110","DEPENDE"
"5:f4b58906-e3ae-4787-871e-1af324202838:6924284427082137710","4:f4b58906-e3ae-4787-871e-1af324202838:347","4:f4b58906-e3ae-4787-871e-1af324202838:110","DEPENDE"
"5:f4b58906-e3ae-4787-871e-1af324202838:1152921504606847124","4:f4b58906-e3ae-4787-871e-1af324202838:148","4:f4b58906-e3ae-4787-871e-1af324202838:28","DEPENDE"
"5:f4b58906-e3ae-4787-871e-1af324202838:1155173304420532372","4:f4b58906-e3ae-4787-871e-1af324202838:148","4:f4b58906-e3ae-4787-871e-1af324202838:99","DEPENDE"
"5:f4b58906-e3ae-4787-871e-1af324202838:1155173304420532375","4:f4b58906-e3ae-4787-871e-1af324202838:151","4:f4b58906-e3ae-4787-871e-1af324202838:28","DEPENDE"
"5:f4b58906-e3ae-4787-871e-1af324202838:1152921504606847018","4:f4b58906-e3ae-4787-871e-1af324202838:42","4:f4b58906-e3ae-4787-871e-1af324202838:29","DEPENDE"
"5:f4b58906-e3ae-4787-871e-1af324202838:1152921504606847057","4:f4b58906-e3ae-4787-871e-1af324202838:81","4:f4b58906-e3ae-4787-871e-1af324202838:42","DEPENDE"
"5:f4b58906-e3ae-4787-871e-1af324202838:1152921504606847066","4:f4b58906-e3ae-4787-871e-1af324202838:90","4:f4b58906-e3ae-4787-871e-1af324202838:42","DEPENDE"
"5:f4b58906-e3ae-4787-871e-1af324202838:1152921504606847103","4:f4b58906-e3ae-4787-871e-1af324202838:127","4:f4b58906-e3ae-4787-871e-1af324202838:42","DEPENDE"
"5:f4b58906-e3ae-4787-871e-1af324202838:1152921504606847120","4:f4b58906-e3ae-4787-871e-1af324202838:144","4:f4b58906-e3ae-4787-871e-1af324202838:42","DEPENDE"
"5:f4b58906-e3ae-4787-871e-1af324202838:1152921504606847215","4:f4b58906-e3ae-4787-871e-1af324202838:239","4:f4b58906-e3ae-4787-871e-1af324202838:42","DEPENDE"
"5:f4b58906-e3ae-4787-871e-1af324202838:1152921504606847244","4:f4b58906-e3ae-4787-871e-1af324202838:268","4:f4b58906-e3ae-4787-871e-1af324202838:42","DEPENDE"
"5:f4b58906-e3ae-4787-871e-1af324202838:1152921504606847278","4:f4b58906-e3ae-4787-871e-1af324202838:302","4:f4b58906-e3ae-4787-871e-1af324202838:42","DEPENDE"
"5:f4b58906-e3ae-4787-871e-1af324202838:1152921504606847333","4:f4b58906-e3ae-4787-871e-1af324202838:357","4:f4b58906-e3ae-4787-871e-1af324202838:42","DEPENDE"
"5:f4b58906-e3ae-4787-871e-1af324202838:1152921504606847156","4:f4b58906-e3ae-4787-871e-1af324202838:180","4:f4b58906-e3ae-4787-871e-1af324202838:29","DEPENDE"
"5:f4b58906-e3ae-4787-871e-1af324202838:1152921504606847345","4:f4b58906-e3ae-4787-871e-1af324202838:369","4:f4b58906-e3ae-4787-871e-1af324202838:29","DEPENDE"
"5:f4b58906-e3ae-4787-871e-1af324202838:1152921504606847095","4:f4b58906-e3ae-4787-871e-1af324202838:119","4:f4b58906-e3ae-4787-871e-1af324202838:35","DEPENDE"
"5:f4b58906-e3ae-4787-871e-1af324202838:6922032627268452471","4:f4b58906-e3ae-4787-871e-1af324202838:358","4:f4b58906-e3ae-4787-871e-1af324202838:119","DEPENDE"
"5:f4b58906-e3ae-4787-871e-1af324202838:1152921504606847153","4:f4b58906-e3ae-4787-871e-1af324202838:177","4:f4b58906-e3ae-4787-871e-1af324202838:35","DEPENDE"
"5:f4b58906-e3ae-4787-871e-1af324202838:1155173304420532599","4:f4b58906-e3ae-4787-871e-1af324202838:375","4:f4b58906-e3ae-4787-871e-1af324202838:177","DEPENDE"
"5:f4b58906-e3ae-4787-871e-1af324202838:1152921504606847118","4:f4b58906-e3ae-4787-871e-1af324202838:142","4:f4b58906-e3ae-4787-871e-1af324202838:103","DEPENDE"
"5:f4b58906-e3ae-4787-871e-1af324202838:1155173304420532366","4:f4b58906-e3ae-4787-871e-1af324202838:142","4:f4b58906-e3ae-4787-871e-1af324202838:38","DEPENDE"
"5:f4b58906-e3ae-4787-871e-1af324202838:6922032627268452494","4:f4b58906-e3ae-4787-871e-1af324202838:230","4:f4b58906-e3ae-4787-871e-1af324202838:142","DEPENDE"
"5:f4b58906-e3ae-4787-871e-1af324202838:6924284427082137742","4:f4b58906-e3ae-4787-871e-1af324202838:277","4:f4b58906-e3ae-4787-871e-1af324202838:142","DEPENDE"
"5:f4b58906-e3ae-4787-871e-1af324202838:1152921504606847351","4:f4b58906-e3ae-4787-871e-1af324202838:375","4:f4b58906-e3ae-4787-871e-1af324202838:102","DEPENDE"
"5:f4b58906-e3ae-4787-871e-1af324202838:1157425104234217578","4:f4b58906-e3ae-4787-871e-1af324202838:106","4:f4b58906-e3ae-4787-871e-1af324202838:58","DEPENDE"
"5:f4b58906-e3ae-4787-871e-1af324202838:1152921504606847228","4:f4b58906-e3ae-4787-871e-1af324202838:252","4:f4b58906-e3ae-4787-871e-1af324202838:128","DEPENDE"
"5:f4b58906-e3ae-4787-871e-1af324202838:6919780827454767232","4:f4b58906-e3ae-4787-871e-1af324202838:300","4:f4b58906-e3ae-4787-871e-1af324202838:128","DEPENDE"
"5:f4b58906-e3ae-4787-871e-1af324202838:1152921504606847294","4:f4b58906-e3ae-4787-871e-1af324202838:318","4:f4b58906-e3ae-4787-871e-1af324202838:128","DEPENDE"
"5:f4b58906-e3ae-4787-871e-1af324202838:6922032627268452480","4:f4b58906-e3ae-4787-871e-1af324202838:319","4:f4b58906-e3ae-4787-871e-1af324202838:128","DEPENDE"
"5:f4b58906-e3ae-4787-871e-1af324202838:6924284427082137746","4:f4b58906-e3ae-4787-871e-1af324202838:308","4:f4b58906-e3ae-4787-871e-1af324202838:146","DEPENDE"
"5:f4b58906-e3ae-4787-871e-1af324202838:6922032627268452498","4:f4b58906-e3ae-4787-871e-1af324202838:335","4:f4b58906-e3ae-4787-871e-1af324202838:146","DEPENDE"
"5:f4b58906-e3ae-4787-871e-1af324202838:1155173304420532581","4:f4b58906-e3ae-4787-871e-1af324202838:357","4:f4b58906-e3ae-4787-871e-1af324202838:226","DEPENDE"
"5:f4b58906-e3ae-4787-871e-1af324202838:1152921504606847212","4:f4b58906-e3ae-4787-871e-1af324202838:236","4:f4b58906-e3ae-4787-871e-1af324202838:252","DEPENDE"
"5:f4b58906-e3ae-4787-871e-1af324202838:1155173304420532461","4:f4b58906-e3ae-4787-871e-1af324202838:237","4:f4b58906-e3ae-4787-871e-1af324202838:58","DEPENDE"
"5:f4b58906-e3ae-4787-871e-1af324202838:1152921504606847229","4:f4b58906-e3ae-4787-871e-1af324202838:253","4:f4b58906-e3ae-4787-871e-1af324202838:254","DEPENDE"
"5:f4b58906-e3ae-4787-871e-1af324202838:6922032627268452469","4:f4b58906-e3ae-4787-871e-1af324202838:145","4:f4b58906-e3ae-4787-871e-1af324202838:117","DEPENDE"
"5:f4b58906-e3ae-4787-871e-1af324202838:6924284427082137717","4:f4b58906-e3ae-4787-871e-1af324202838:162","4:f4b58906-e3ae-4787-871e-1af324202838:117","DEPENDE"
"5:f4b58906-e3ae-4787-871e-1af324202838:6926536226895822965","4:f4b58906-e3ae-4787-871e-1af324202838:166","4:f4b58906-e3ae-4787-871e-1af324202838:117","DEPENDE"
"5:f4b58906-e3ae-4787-871e-1af324202838:1152921504606847162","4:f4b58906-e3ae-4787-871e-1af324202838:186","4:f4b58906-e3ae-4787-871e-1af324202838:117","DEPENDE"
"5:f4b58906-e3ae-4787-871e-1af324202838:1152921504606847085","4:f4b58906-e3ae-4787-871e-1af324202838:109","4:f4b58906-e3ae-4787-871e-1af324202838:51","DEPENDE"
"5:f4b58906-e3ae-4787-871e-1af324202838:1155173304420532380","4:f4b58906-e3ae-4787-871e-1af324202838:156","4:f4b58906-e3ae-4787-871e-1af324202838:109","DEPENDE"
"5:f4b58906-e3ae-4787-871e-1af324202838:1152921504606847028","4:f4b58906-e3ae-4787-871e-1af324202838:52","4:f4b58906-e3ae-4787-871e-1af324202838:35","DEPENDE"
"5:f4b58906-e3ae-4787-871e-1af324202838:1152921504606847056","4:f4b58906-e3ae-4787-871e-1af324202838:80","4:f4b58906-e3ae-4787-871e-1af324202838:35","DEPENDE"
"5:f4b58906-e3ae-4787-871e-1af324202838:1152921504606847074","4:f4b58906-e3ae-4787-871e-1af324202838:98","4:f4b58906-e3ae-4787-871e-1af324202838:55","DEPENDE"
"5:f4b58906-e3ae-4787-871e-1af324202838:6922032627268452450","4:f4b58906-e3ae-4787-871e-1af324202838:241","4:f4b58906-e3ae-4787-871e-1af324202838:98","DEPENDE"
"5:f4b58906-e3ae-4787-871e-1af324202838:1152921504606847218","4:f4b58906-e3ae-4787-871e-1af324202838:242","4:f4b58906-e3ae-4787-871e-1af324202838:28","DEPENDE"
"5:f4b58906-e3ae-4787-871e-1af324202838:1152921504606847076","4:f4b58906-e3ae-4787-871e-1af324202838:100","4:f4b58906-e3ae-4787-871e-1af324202838:58","DEPENDE"
"5:f4b58906-e3ae-4787-871e-1af324202838:1152921504606847217","4:f4b58906-e3ae-4787-871e-1af324202838:241","4:f4b58906-e3ae-4787-871e-1af324202838:100","DEPENDE"
"5:f4b58906-e3ae-4787-871e-1af324202838:1157425104234217708","4:f4b58906-e3ae-4787-871e-1af324202838:236","4:f4b58906-e3ae-4787-871e-1af324202838:58","DEPENDE"
"5:f4b58906-e3ae-4787-871e-1af324202838:1155173304420532460","4:f4b58906-e3ae-4787-871e-1af324202838:236","4:f4b58906-e3ae-4787-871e-1af324202838:379","DEPENDE"
"5:f4b58906-e3ae-4787-871e-1af324202838:1152921504606847040","4:f4b58906-e3ae-4787-871e-1af324202838:64","4:f4b58906-e3ae-4787-871e-1af324202838:38","DEPENDE"
"5:f4b58906-e3ae-4787-871e-1af324202838:1152921504606847084","4:f4b58906-e3ae-4787-871e-1af324202838:108","4:f4b58906-e3ae-4787-871e-1af324202838:38","DEPENDE"
"5:f4b58906-e3ae-4787-871e-1af324202838:1155173304420532566","4:f4b58906-e3ae-4787-871e-1af324202838:342","4:f4b58906-e3ae-4787-871e-1af324202838:161","DEPENDE"
"5:f4b58906-e3ae-4787-871e-1af324202838:1152921504606847252","4:f4b58906-e3ae-4787-871e-1af324202838:276","4:f4b58906-e3ae-4787-871e-1af324202838:51","DEPENDE"
"5:f4b58906-e3ae-4787-871e-1af324202838:6922032627268452508","4:f4b58906-e3ae-4787-871e-1af324202838:282","4:f4b58906-e3ae-4787-871e-1af324202838:156","DEPENDE"
"5:f4b58906-e3ae-4787-871e-1af324202838:1152921504606847186","4:f4b58906-e3ae-4787-871e-1af324202838:210","4:f4b58906-e3ae-4787-871e-1af324202838:84","DEPENDE"
"5:f4b58906-e3ae-4787-871e-1af324202838:1152921504606847158","4:f4b58906-e3ae-4787-871e-1af324202838:182","4:f4b58906-e3ae-4787-871e-1af324202838:159","DEPENDE"
"5:f4b58906-e3ae-4787-871e-1af324202838:6919780827454767263","4:f4b58906-e3ae-4787-871e-1af324202838:211","4:f4b58906-e3ae-4787-871e-1af324202838:159","DEPENDE"
"5:f4b58906-e3ae-4787-871e-1af324202838:1152921504606847193","4:f4b58906-e3ae-4787-871e-1af324202838:217","4:f4b58906-e3ae-4787-871e-1af324202838:159","DEPENDE"
"5:f4b58906-e3ae-4787-871e-1af324202838:1152921504606847214","4:f4b58906-e3ae-4787-871e-1af324202838:238","4:f4b58906-e3ae-4787-871e-1af324202838:159","DEPENDE"
"5:f4b58906-e3ae-4787-871e-1af324202838:1152921504606847265","4:f4b58906-e3ae-4787-871e-1af324202838:289","4:f4b58906-e3ae-4787-871e-1af324202838:159","DEPENDE"
"5:f4b58906-e3ae-4787-871e-1af324202838:6922032627268452511","4:f4b58906-e3ae-4787-871e-1af324202838:292","4:f4b58906-e3ae-4787-871e-1af324202838:159","DEPENDE"
"5:f4b58906-e3ae-4787-871e-1af324202838:1152921504606847292","4:f4b58906-e3ae-4787-871e-1af324202838:316","4:f4b58906-e3ae-4787-871e-1af324202838:159","DEPENDE"
"5:f4b58906-e3ae-4787-871e-1af324202838:1152921504606847300","4:f4b58906-e3ae-4787-871e-1af324202838:324","4:f4b58906-e3ae-4787-871e-1af324202838:159","DEPENDE"
"5:f4b58906-e3ae-4787-871e-1af324202838:1152921504606847328","4:f4b58906-e3ae-4787-871e-1af324202838:352","4:f4b58906-e3ae-4787-871e-1af324202838:159","DEPENDE"
"5:f4b58906-e3ae-4787-871e-1af324202838:6924284427082137759","4:f4b58906-e3ae-4787-871e-1af324202838:382","4:f4b58906-e3ae-4787-871e-1af324202838:159","DEPENDE"
"5:f4b58906-e3ae-4787-871e-1af324202838:1155173304420532406","4:f4b58906-e3ae-4787-871e-1af324202838:182","4:f4b58906-e3ae-4787-871e-1af324202838:160","DEPENDE"
"5:f4b58906-e3ae-4787-871e-1af324202838:1155173304420532441","4:f4b58906-e3ae-4787-871e-1af324202838:217","4:f4b58906-e3ae-4787-871e-1af324202838:160","DEPENDE"
"5:f4b58906-e3ae-4787-871e-1af324202838:1155173304420532462","4:f4b58906-e3ae-4787-871e-1af324202838:238","4:f4b58906-e3ae-4787-871e-1af324202838:160","DEPENDE"
"5:f4b58906-e3ae-4787-871e-1af324202838:1155173304420532513","4:f4b58906-e3ae-4787-871e-1af324202838:289","4:f4b58906-e3ae-4787-871e-1af324202838:160","DEPENDE"
"5:f4b58906-e3ae-4787-871e-1af324202838:6919780827454767264","4:f4b58906-e3ae-4787-871e-1af324202838:295","4:f4b58906-e3ae-4787-871e-1af324202838:160","DEPENDE"
"5:f4b58906-e3ae-4787-871e-1af324202838:1152921504606847273","4:f4b58906-e3ae-4787-871e-1af324202838:297","4:f4b58906-e3ae-4787-871e-1af324202838:160","DEPENDE"
"5:f4b58906-e3ae-4787-871e-1af324202838:6922032627268452512","4:f4b58906-e3ae-4787-871e-1af324202838:298","4:f4b58906-e3ae-4787-871e-1af324202838:160","DEPENDE"
"5:f4b58906-e3ae-4787-871e-1af324202838:1155173304420532540","4:f4b58906-e3ae-4787-871e-1af324202838:316","4:f4b58906-e3ae-4787-871e-1af324202838:160","DEPENDE"
"5:f4b58906-e3ae-4787-871e-1af324202838:1155173304420532548","4:f4b58906-e3ae-4787-871e-1af324202838:324","4:f4b58906-e3ae-4787-871e-1af324202838:160","DEPENDE"
"5:f4b58906-e3ae-4787-871e-1af324202838:1155173304420532576","4:f4b58906-e3ae-4787-871e-1af324202838:352","4:f4b58906-e3ae-4787-871e-1af324202838:160","DEPENDE"
"5:f4b58906-e3ae-4787-871e-1af324202838:1157425104234217654","4:f4b58906-e3ae-4787-871e-1af324202838:182","4:f4b58906-e3ae-4787-871e-1af324202838:161","DEPENDE"
"5:f4b58906-e3ae-4787-871e-1af324202838:6919780827454767265","4:f4b58906-e3ae-4787-871e-1af324202838:183","4:f4b58906-e3ae-4787-871e-1af324202838:161","DEPENDE"
"5:f4b58906-e3ae-4787-871e-1af324202838:6922032627268452513","4:f4b58906-e3ae-4787-871e-1af324202838:209","4:f4b58906-e3ae-4787-871e-1af324202838:161","DEPENDE"
"5:f4b58906-e3ae-4787-871e-1af324202838:1157425104234217689","4:f4b58906-e3ae-4787-871e-1af324202838:217","4:f4b58906-e3ae-4787-871e-1af324202838:161","DEPENDE"
"5:f4b58906-e3ae-4787-871e-1af324202838:1157425104234217710","4:f4b58906-e3ae-4787-871e-1af324202838:238","4:f4b58906-e3ae-4787-871e-1af324202838:161","DEPENDE"
"5:f4b58906-e3ae-4787-871e-1af324202838:6924284427082137761","4:f4b58906-e3ae-4787-871e-1af324202838:240","4:f4b58906-e3ae-4787-871e-1af324202838:161","DEPENDE"
"5:f4b58906-e3ae-4787-871e-1af324202838:1157425104234217761","4:f4b58906-e3ae-4787-871e-1af324202838:289","4:f4b58906-e3ae-4787-871e-1af324202838:161","DEPENDE"
"5:f4b58906-e3ae-4787-871e-1af324202838:1157425104234217788","4:f4b58906-e3ae-4787-871e-1af324202838:316","4:f4b58906-e3ae-4787-871e-1af324202838:161","DEPENDE"
"5:f4b58906-e3ae-4787-871e-1af324202838:6926536226895823009","4:f4b58906-e3ae-4787-871e-1af324202838:321","4:f4b58906-e3ae-4787-871e-1af324202838:161","DEPENDE"
"5:f4b58906-e3ae-4787-871e-1af324202838:1157425104234217796","4:f4b58906-e3ae-4787-871e-1af324202838:324","4:f4b58906-e3ae-4787-871e-1af324202838:161","DEPENDE"
"5:f4b58906-e3ae-4787-871e-1af324202838:1152921504606847311","4:f4b58906-e3ae-4787-871e-1af324202838:335","4:f4b58906-e3ae-4787-871e-1af324202838:161","DEPENDE"
"5:f4b58906-e3ae-4787-871e-1af324202838:1157425104234217824","4:f4b58906-e3ae-4787-871e-1af324202838:352","4:f4b58906-e3ae-4787-871e-1af324202838:161","DEPENDE"
"5:f4b58906-e3ae-4787-871e-1af324202838:6928788026709508257","4:f4b58906-e3ae-4787-871e-1af324202838:353","4:f4b58906-e3ae-4787-871e-1af324202838:161","DEPENDE"
"5:f4b58906-e3ae-4787-871e-1af324202838:6931039826523193505","4:f4b58906-e3ae-4787-871e-1af324202838:354","4:f4b58906-e3ae-4787-871e-1af324202838:161","DEPENDE"
"5:f4b58906-e3ae-4787-871e-1af324202838:1155173304420532523","4:f4b58906-e3ae-4787-871e-1af324202838:299","4:f4b58906-e3ae-4787-871e-1af324202838:172","DEPENDE"
"5:f4b58906-e3ae-4787-871e-1af324202838:6922032627268452651","4:f4b58906-e3ae-4787-871e-1af324202838:261","4:f4b58906-e3ae-4787-871e-1af324202838:299","DEPENDE"
"5:f4b58906-e3ae-4787-871e-1af324202838:6924284427082137899","4:f4b58906-e3ae-4787-871e-1af324202838:293","4:f4b58906-e3ae-4787-871e-1af324202838:299","DEPENDE"
"5:f4b58906-e3ae-4787-871e-1af324202838:1155173304420532541","4:f4b58906-e3ae-4787-871e-1af324202838:317","4:f4b58906-e3ae-4787-871e-1af324202838:299","DEPENDE"
"5:f4b58906-e3ae-4787-871e-1af324202838:1155173304420532359","4:f4b58906-e3ae-4787-871e-1af324202838:135","4:f4b58906-e3ae-4787-871e-1af324202838:89","DEPENDE"
"5:f4b58906-e3ae-4787-871e-1af324202838:1152921504606847111","4:f4b58906-e3ae-4787-871e-1af324202838:135","4:f4b58906-e3ae-4787-871e-1af324202838:99","DEPENDE"
"5:f4b58906-e3ae-4787-871e-1af324202838:1155173304420532379","4:f4b58906-e3ae-4787-871e-1af324202838:155","4:f4b58906-e3ae-4787-871e-1af324202838:135","DEPENDE"
"5:f4b58906-e3ae-4787-871e-1af324202838:6922032627268452487","4:f4b58906-e3ae-4787-871e-1af324202838:215","4:f4b58906-e3ae-4787-871e-1af324202838:135","DEPENDE"
"5:f4b58906-e3ae-4787-871e-1af324202838:6924284427082137735","4:f4b58906-e3ae-4787-871e-1af324202838:228","4:f4b58906-e3ae-4787-871e-1af324202838:135","DEPENDE"
"5:f4b58906-e3ae-4787-871e-1af324202838:6926536226895822983","4:f4b58906-e3ae-4787-871e-1af324202838:256","4:f4b58906-e3ae-4787-871e-1af324202838:135","DEPENDE"
"5:f4b58906-e3ae-4787-871e-1af324202838:6928788026709508231","4:f4b58906-e3ae-4787-871e-1af324202838:257","4:f4b58906-e3ae-4787-871e-1af324202838:135","DEPENDE"
"5:f4b58906-e3ae-4787-871e-1af324202838:6931039826523193479","4:f4b58906-e3ae-4787-871e-1af324202838:265","4:f4b58906-e3ae-4787-871e-1af324202838:135","DEPENDE"
"5:f4b58906-e3ae-4787-871e-1af324202838:6933291626336878727","4:f4b58906-e3ae-4787-871e-1af324202838:379","4:f4b58906-e3ae-4787-871e-1af324202838:135","DEPENDE"
"5:f4b58906-e3ae-4787-871e-1af324202838:1152921504606847243","4:f4b58906-e3ae-4787-871e-1af324202838:267","4:f4b58906-e3ae-4787-871e-1af324202838:55","DEPENDE"
"5:f4b58906-e3ae-4787-871e-1af324202838:1152921504606847123","4:f4b58906-e3ae-4787-871e-1af324202838:147","4:f4b58906-e3ae-4787-871e-1af324202838:99","DEPENDE"
"5:f4b58906-e3ae-4787-871e-1af324202838:6919780827454767251","4:f4b58906-e3ae-4787-871e-1af324202838:243","4:f4b58906-e3ae-4787-871e-1af324202838:147","DEPENDE"
"5:f4b58906-e3ae-4787-871e-1af324202838:1152921504606847130","4:f4b58906-e3ae-4787-871e-1af324202838:154","4:f4b58906-e3ae-4787-871e-1af324202838:99","DEPENDE"
"5:f4b58906-e3ae-4787-871e-1af324202838:6919780827454767258","4:f4b58906-e3ae-4787-871e-1af324202838:246","4:f4b58906-e3ae-4787-871e-1af324202838:154","DEPENDE"
"5:f4b58906-e3ae-4787-871e-1af324202838:1152921504606847131","4:f4b58906-e3ae-4787-871e-1af324202838:155","4:f4b58906-e3ae-4787-871e-1af324202838:99","DEPENDE"
"5:f4b58906-e3ae-4787-871e-1af324202838:6922032627268452507","4:f4b58906-e3ae-4787-871e-1af324202838:214","4:f4b58906-e3ae-4787-871e-1af324202838:155","DEPENDE"
"5:f4b58906-e3ae-4787-871e-1af324202838:1152921504606847077","4:f4b58906-e3ae-4787-871e-1af324202838:101","4:f4b58906-e3ae-4787-871e-1af324202838:58","DEPENDE"
"5:f4b58906-e3ae-4787-871e-1af324202838:1152921504606847125","4:f4b58906-e3ae-4787-871e-1af324202838:149","4:f4b58906-e3ae-4787-871e-1af324202838:58","DEPENDE"
"5:f4b58906-e3ae-4787-871e-1af324202838:1152921504606847170","4:f4b58906-e3ae-4787-871e-1af324202838:194","4:f4b58906-e3ae-4787-871e-1af324202838:58","DEPENDE"
"5:f4b58906-e3ae-4787-871e-1af324202838:1152921504606847177","4:f4b58906-e3ae-4787-871e-1af324202838:201","4:f4b58906-e3ae-4787-871e-1af324202838:58","DEPENDE"
"5:f4b58906-e3ae-4787-871e-1af324202838:1152921504606847176","4:f4b58906-e3ae-4787-871e-1af324202838:200","4:f4b58906-e3ae-4787-871e-1af324202838:347","DEPENDE"
"5:f4b58906-e3ae-4787-871e-1af324202838:1152921504606847255","4:f4b58906-e3ae-4787-871e-1af324202838:279","4:f4b58906-e3ae-4787-871e-1af324202838:235","DEPENDE"
"5:f4b58906-e3ae-4787-871e-1af324202838:1152921504606847301","4:f4b58906-e3ae-4787-871e-1af324202838:325","4:f4b58906-e3ae-4787-871e-1af324202838:235","DEPENDE"
"5:f4b58906-e3ae-4787-871e-1af324202838:6919780827454767339","4:f4b58906-e3ae-4787-871e-1af324202838:381","4:f4b58906-e3ae-4787-871e-1af324202838:235","DEPENDE"
"5:f4b58906-e3ae-4787-871e-1af324202838:1152921504606847096","4:f4b58906-e3ae-4787-871e-1af324202838:120","4:f4b58906-e3ae-4787-871e-1af324202838:91","DEPENDE"
"5:f4b58906-e3ae-4787-871e-1af324202838:1152921504606847114","4:f4b58906-e3ae-4787-871e-1af324202838:138","4:f4b58906-e3ae-4787-871e-1af324202838:91","DEPENDE"
"5:f4b58906-e3ae-4787-871e-1af324202838:1152921504606847199","4:f4b58906-e3ae-4787-871e-1af324202838:223","4:f4b58906-e3ae-4787-871e-1af324202838:91","DEPENDE"
"5:f4b58906-e3ae-4787-871e-1af324202838:1152921504606847346","4:f4b58906-e3ae-4787-871e-1af324202838:370","4:f4b58906-e3ae-4787-871e-1af324202838:99","DEPENDE"
"5:f4b58906-e3ae-4787-871e-1af324202838:1152921504606847353","4:f4b58906-e3ae-4787-871e-1af324202838:377","4:f4b58906-e3ae-4787-871e-1af324202838:99","DEPENDE"
"5:f4b58906-e3ae-4787-871e-1af324202838:1152921504606847192","4:f4b58906-e3ae-4787-871e-1af324202838:216","4:f4b58906-e3ae-4787-871e-1af324202838:215","DEPENDE"
"5:f4b58906-e3ae-4787-871e-1af324202838:1152921504606847251","4:f4b58906-e3ae-4787-871e-1af324202838:275","4:f4b58906-e3ae-4787-871e-1af324202838:215","DEPENDE"
"5:f4b58906-e3ae-4787-871e-1af324202838:1159676904047903032","4:f4b58906-e3ae-4787-871e-1af324202838:312","4:f4b58906-e3ae-4787-871e-1af324202838:256","DEPENDE"
"5:f4b58906-e3ae-4787-871e-1af324202838:1157425104234217798","4:f4b58906-e3ae-4787-871e-1af324202838:326","4:f4b58906-e3ae-4787-871e-1af324202838:256","DEPENDE"
"5:f4b58906-e3ae-4787-871e-1af324202838:1152921504606847307","4:f4b58906-e3ae-4787-871e-1af324202838:331","4:f4b58906-e3ae-4787-871e-1af324202838:256","DEPENDE"
"5:f4b58906-e3ae-4787-871e-1af324202838:1155173304420532416","4:f4b58906-e3ae-4787-871e-1af324202838:192","4:f4b58906-e3ae-4787-871e-1af324202838:257","DEPENDE"
"5:f4b58906-e3ae-4787-871e-1af324202838:1157425104234217784","4:f4b58906-e3ae-4787-871e-1af324202838:312","4:f4b58906-e3ae-4787-871e-1af324202838:257","DEPENDE"
"5:f4b58906-e3ae-4787-871e-1af324202838:1155173304420532550","4:f4b58906-e3ae-4787-871e-1af324202838:326","4:f4b58906-e3ae-4787-871e-1af324202838:257","DEPENDE"
"5:f4b58906-e3ae-4787-871e-1af324202838:1152921504606847332","4:f4b58906-e3ae-4787-871e-1af324202838:356","4:f4b58906-e3ae-4787-871e-1af324202838:257","DEPENDE"
"5:f4b58906-e3ae-4787-871e-1af324202838:1152921504606847208","4:f4b58906-e3ae-4787-871e-1af324202838:232","4:f4b58906-e3ae-4787-871e-1af324202838:265","DEPENDE"
"5:f4b58906-e3ae-4787-871e-1af324202838:6919780827454767439","4:f4b58906-e3ae-4787-871e-1af324202838:320","4:f4b58906-e3ae-4787-871e-1af324202838:335","DEPENDE"
"5:f4b58906-e3ae-4787-871e-1af324202838:1155173304420532504","4:f4b58906-e3ae-4787-871e-1af324202838:280","4:f4b58906-e3ae-4787-871e-1af324202838:282","DEPENDE"
"5:f4b58906-e3ae-4787-871e-1af324202838:1152921504606847256","4:f4b58906-e3ae-4787-871e-1af324202838:280","4:f4b58906-e3ae-4787-871e-1af324202838:213","DEPENDE"
"5:f4b58906-e3ae-4787-871e-1af324202838:6924284427082137838","4:f4b58906-e3ae-4787-871e-1af324202838:380","4:f4b58906-e3ae-4787-871e-1af324202838:238","DEPENDE"
"5:f4b58906-e3ae-4787-871e-1af324202838:1152921504606847291","4:f4b58906-e3ae-4787-871e-1af324202838:315","4:f4b58906-e3ae-4787-871e-1af324202838:292","DEPENDE"
"5:f4b58906-e3ae-4787-871e-1af324202838:1152921504606847209","4:f4b58906-e3ae-4787-871e-1af324202838:233","4:f4b58906-e3ae-4787-871e-1af324202838:298","DEPENDE"
"5:f4b58906-e3ae-4787-871e-1af324202838:1152921504606847272","4:f4b58906-e3ae-4787-871e-1af324202838:296","4:f4b58906-e3ae-4787-871e-1af324202838:298","DEPENDE"
"5:f4b58906-e3ae-4787-871e-1af324202838:1152921504606847293","4:f4b58906-e3ae-4787-871e-1af324202838:317","4:f4b58906-e3ae-4787-871e-1af324202838:298","DEPENDE"
"5:f4b58906-e3ae-4787-871e-1af324202838:1152921504606847325","4:f4b58906-e3ae-4787-871e-1af324202838:349","4:f4b58906-e3ae-4787-871e-1af324202838:298","DEPENDE"
"5:f4b58906-e3ae-4787-871e-1af324202838:1152921504606847356","4:f4b58906-e3ae-4787-871e-1af324202838:380","4:f4b58906-e3ae-4787-871e-1af324202838:298","DEPENDE"
"5:f4b58906-e3ae-4787-871e-1af324202838:6919780827454767426","4:f4b58906-e3ae-4787-871e-1af324202838:168","4:f4b58906-e3ae-4787-871e-1af324202838:322","DEPENDE"
"5:f4b58906-e3ae-4787-871e-1af324202838:1155173304420532508","4:f4b58906-e3ae-4787-871e-1af324202838:284","4:f4b58906-e3ae-4787-871e-1af324202838:280","DEPENDE"
"5:f4b58906-e3ae-4787-871e-1af324202838:6922032627268452636","4:f4b58906-e3ae-4787-871e-1af324202838:281","4:f4b58906-e3ae-4787-871e-1af324202838:284","DEPENDE"
"5:f4b58906-e3ae-4787-871e-1af324202838:1155173304420532507","4:f4b58906-e3ae-4787-871e-1af324202838:283","4:f4b58906-e3ae-4787-871e-1af324202838:284","DEPENDE"
"5:f4b58906-e3ae-4787-871e-1af324202838:1152921504606847259","4:f4b58906-e3ae-4787-871e-1af324202838:283","4:f4b58906-e3ae-4787-871e-1af324202838:333","DEPENDE"
"5:f4b58906-e3ae-4787-871e-1af324202838:6919780827454767419","4:f4b58906-e3ae-4787-871e-1af324202838:231","4:f4b58906-e3ae-4787-871e-1af324202838:315","DEPENDE"
"5:f4b58906-e3ae-4787-871e-1af324202838:6922032627268452667","4:f4b58906-e3ae-4787-871e-1af324202838:234","4:f4b58906-e3ae-4787-871e-1af324202838:315","DEPENDE"
"5:f4b58906-e3ae-4787-871e-1af324202838:6924284427082137915","4:f4b58906-e3ae-4787-871e-1af324202838:288","4:f4b58906-e3ae-4787-871e-1af324202838:315","DEPENDE"
"5:f4b58906-e3ae-4787-871e-1af324202838:1152921504606847302","4:f4b58906-e3ae-4787-871e-1af324202838:326","4:f4b58906-e3ae-4787-871e-1af324202838:232","DEPENDE"